{"cameraMode":{"drawMode":0,"name":"Shaded","section":"Shading Mode"},"sceneLighting":false,"audioPlay":false,"sceneViewState":{"showFog":true,"showMaterialUpdate":false,"showSkybox":false,"showFlares":true,"showImageEffects":true,"showParticleSystems":true},"in2DMode":false,"pivot":{"x":0.04094529151916504,"y":1.2000000476837159,"z":-35.26567840576172},"rotation":{"x":-0.11256691068410874,"y":-0.011343404650688172,"z":0.001310730236582458,"w":-0.9936094284057617},"size":4.5393900871276859,"orthographic":false}