{"cameraMode":{"drawMode":0,"name":"Shaded","section":"Shading Mode"},"sceneLighting":false,"audioPlay":false,"sceneViewState":{"showFog":true,"showMaterialUpdate":false,"showSkybox":false,"showFlares":true,"showImageEffects":true,"showParticleSystems":true},"in2DMode":false,"pivot":{"x":0.7318378686904907,"y":1.622476577758789,"z":1.3617732524871827},"rotation":{"x":-0.02413456328213215,"y":0.8205216526985169,"z":-0.03473639860749245,"w":-0.5700636506080627},"size":0.7144709229469299,"orthographic":false}