{"cameraMode":{"drawMode":0,"name":"Shaded","section":"Shading Mode"},"sceneLighting":false,"audioPlay":false,"sceneViewState":{"showFog":true,"showMaterialUpdate":false,"showSkybox":true,"showFlares":true,"showImageEffects":true,"showParticleSystems":true},"in2DMode":false,"pivot":{"x":0.8662641048431397,"y":2.579911470413208,"z":-37.121986389160159},"rotation":{"x":-0.019800197333097459,"y":0.03750958293676376,"z":-0.0007184675778262317,"w":-0.9991193413734436},"size":4.041658401489258,"orthographic":false}